file_name,full_path,size_bytes,tier,task_id,entries_count,last_modified,status
README.md,/home/ubuntu/ziwei_qimen/README.md,13257,other,N/A,N/A,2026-08-02 18:07:16,New/Modified
audit_log_v1.json,/home/ubuntu/ziwei_qimen/audit_log_v1.json,7261,governance,2.3,1,2026-08-03 10:27:31,New/Modified
audit_standards.md,/home/ubuntu/ziwei_qimen/audit_standards.md,2025,governance,N/A,N/A,2026-08-03 10:33:48,New/Modified
final_audit_report.md,/home/ubuntu/ziwei_qimen/final_audit_report.md,3030,governance,N/A,N/A,2026-08-03 10:35:35,New/Modified
system_manifest_v1.0.md,/home/ubuntu/ziwei_qimen/system_manifest_v1.0.md,5253,governance,N/A,N/A,2026-08-03 10:45:46,New/Modified
system_manifest_exhaustive_v1.1.csv,/home/ubuntu/ziwei_qimen/system_manifest_exhaustive_v1.1.csv,19155,governance,N/A,N/A,2026-08-03 11:59:23,New/Modified
system_manifest_exhaustive_v1.1.md,/home/ubuntu/ziwei_qimen/system_manifest_exhaustive_v1.1.md,21618,governance,N/A,N/A,2026-08-03 11:59:23,New/Modified
dual_parallel_fusion_engine_v1.1.json,/home/ubuntu/ziwei_qimen/engines/dual_parallel_fusion_engine_v1.1.json,12532,Tier 3 / 運算層,N/A,1,2026-08-02 18:07:16,New/Modified
full_compute_flow_v1.4.json,/home/ubuntu/ziwei_qimen/engines/full_compute_flow_v1.4.json,40077,Tier 3 / 運算層,N/A,1,2026-08-03 08:43:20,New/Modified
interpretation_engine_v1.1.json,/home/ubuntu/ziwei_qimen/engines/interpretation_engine_v1.1.json,58143,Tier 3 / 運算層,3.7 / 3.8,1,2026-08-03 10:27:21,New/Modified
modern_quantum_resonance_engine_v2.1.json,/home/ubuntu/ziwei_qimen/engines/modern_quantum_resonance_engine_v2.1.json,17432,Tier 3 / 運算層,N/A,1,2026-08-02 18:07:16,New/Modified
qimen_fengshui_layout_module_v0.1.json,/home/ubuntu/ziwei_qimen/engines/qimen_fengshui_layout_module_v0.1.json,11619,Tier 3 / data_table,N/A,1,2026-08-03 09:36:08,New/Modified
traditional_core_engine_v2.1.json,/home/ubuntu/ziwei_qimen/engines/traditional_core_engine_v2.1.json,74287,Tier 3 / 運算層,3.7 / 3.8,1,2026-08-03 10:26:37,New/Modified
traditional_mythos_engine_v1.3.1.json,/home/ubuntu/ziwei_qimen/engines/traditional_mythos_engine_v1.3.1.json,40310,Tier 3 / 運算層,3.2,1,2026-08-03 10:10:52,New/Modified
qimen_2026_2027_sha_qi_resolution_table.json,/home/ubuntu/ziwei_qimen/engines/qimen_2026_2027_sha_qi_resolution_table.json,7697,Tier 3 / data_table,3.6,1,2026-08-03 12:09:15,New/Modified
zaiyao_library_v1.0.json,/home/ubuntu/ziwei_qimen/engines/zaiyao_library_v1.0.json,14868,Tier 3 / data_table,3.1,29,2026-08-03 09:40:41,New/Modified
palace_judgment_library_v1.0.json,/home/ubuntu/ziwei_qimen/engines/palace_judgment_library_v1.0.json,255968,Tier 3 / data_table,3.3,677,2026-08-03 09:44:36,New/Modified
thematic_prose_library_v1.0.json,/home/ubuntu/ziwei_qimen/engines/thematic_prose_library_v1.0.json,9635,Tier 3 / data_table,3.4,39,2026-08-03 10:14:19,New/Modified
qimen_judgment_library_v1.0.json,/home/ubuntu/ziwei_qimen/engines/qimen_judgment_library_v1.0.json,386989,Tier 3 / data_table,3.5,95,2026-08-03 10:24:19,New/Modified
ZWQS_Juan1_TaiweiFu.json,/home/ubuntu/ziwei_qimen/data/ZWQS_Juan1_TaiweiFu.json,19002,Tier 1 / 文本層,1.4,52,2026-08-03 08:43:20,New/Modified
ZWQS_Juan1_XingxingFu.json,/home/ubuntu/ziwei_qimen/data/ZWQS_Juan1_XingxingFu.json,14106,Tier 1 / 文本層,1.4,38,2026-08-03 08:43:11,New/Modified
ZWQS_Juan1_XingyuanLun.json,/home/ubuntu/ziwei_qimen/data/ZWQS_Juan1_XingyuanLun.json,8251,Tier 1 / 文本層,1.4,21,2026-08-03 08:43:20,New/Modified
ZWQS_Juan1_Zhunsheng.json,/home/ubuntu/ziwei_qimen/data/ZWQS_Juan1_Zhunsheng.json,5339,Tier 1 / 文本層,1.4,14,2026-08-03 08:43:11,New/Modified
ZWQS_Juan1_FaweiLun.json,/home/ubuntu/ziwei_qimen/data/ZWQS_Juan1_FaweiLun.json,7870,Tier 1 / 文本層,1.4,21,2026-08-03 08:43:11,New/Modified
ZWQS_Juan1_Gulu.json,/home/ubuntu/ziwei_qimen/data/ZWQS_Juan1_Gulu.json,7996,Tier 1 / 文本層,1.4,21,2026-08-03 08:43:11,New/Modified
ZWQS_Juan1_ZengbuTaiweiFu.json,/home/ubuntu/ziwei_qimen/data/ZWQS_Juan1_ZengbuTaiweiFu.json,13235,Tier 1 / 文本層,1.4,35,2026-08-03 08:43:11,New/Modified
ZWQS_Juan1_XingyuanWenda.json,/home/ubuntu/ziwei_qimen/data/ZWQS_Juan1_XingyuanWenda.json,143606,Tier 1 / 文本層,1.4,370,2026-08-03 08:43:11,New/Modified
ZWQS_Juan1_GusuiFu.json,/home/ubuntu/ziwei_qimen/data/ZWQS_Juan1_GusuiFu.json,86505,Tier 1 / 文本層,1.4,233,2026-08-03 08:43:20,New/Modified
ZWQS_Juan1_NumingFu.json,/home/ubuntu/ziwei_qimen/data/ZWQS_Juan1_NumingFu.json,7019,Tier 1 / 文本層,1.4,19,2026-08-03 08:43:11,New/Modified
ZWQS_Juan1_DengJue.json,/home/ubuntu/ziwei_qimen/data/ZWQS_Juan1_DengJue.json,30189,Tier 1 / 文本層,1.4,82,2026-08-03 08:43:20,New/Modified
ZWQS_Juan1_ShiDengLun.json,/home/ubuntu/ziwei_qimen/data/ZWQS_Juan1_ShiDengLun.json,8104,Tier 1 / 文本層,1.4,21,2026-08-03 08:43:11,New/Modified
ZWQS_Juan1_PalaceFormulas.json,/home/ubuntu/ziwei_qimen/data/ZWQS_Juan1_PalaceFormulas.json,9490,Tier 1 / 文本層,1.4,24,2026-08-03 08:43:11,New/Modified
ZWQS_Juan1_BrokenPatterns.json,/home/ubuntu/ziwei_qimen/data/ZWQS_Juan1_BrokenPatterns.json,7517,Tier 1 / 文本層,1.4,19,2026-08-03 08:43:11,New/Modified
ZWQS_Juan1_FuguiLun.json,/home/ubuntu/ziwei_qimen/data/ZWQS_Juan1_FuguiLun.json,6219,Tier 1 / 文本層,1.4,16,2026-08-03 08:43:11,New/Modified
ZWQS_Juan1_PinjianLun.json,/home/ubuntu/ziwei_qimen/data/ZWQS_Juan1_PinjianLun.json,5074,Tier 1 / 文本層,1.4,13,2026-08-03 08:43:11,New/Modified
ZWQS_Juan1_DingFuJu.json,/home/ubuntu/ziwei_qimen/data/ZWQS_Juan1_DingFuJu.json,2658,Tier 1 / 文本層,1.4,7,2026-08-03 08:43:11,New/Modified
ZWQS_Juan1_DingGuiJu.json,/home/ubuntu/ziwei_qimen/data/ZWQS_Juan1_DingGuiJu.json,9971,Tier 1 / 文本層,1.4,28,2026-08-03 08:43:20,New/Modified
ZWQS_Juan1_DingPinJianJu.json,/home/ubuntu/ziwei_qimen/data/ZWQS_Juan1_DingPinJianJu.json,3409,Tier 1 / 文本層,1.4,9,2026-08-03 08:43:20,New/Modified
ZWQS_Juan1_DingZaJu.json,/home/ubuntu/ziwei_qimen/data/ZWQS_Juan1_DingZaJu.json,3325,Tier 1 / 文本層,1.4,9,2026-08-03 08:43:11,New/Modified
ZWQS_Juan2_AnMingShenLi.json,/home/ubuntu/ziwei_qimen/data/ZWQS_Juan2_AnMingShenLi.json,2080,Tier 1 / 文本層,1.4,4,2026-08-03 08:43:11,New/Modified
ZWQS_Juan2_An12GongLi.json,/home/ubuntu/ziwei_qimen/data/ZWQS_Juan2_An12GongLi.json,982,Tier 1 / 文本層,1.4,2,2026-08-03 08:43:11,New/Modified
ZWQS_Juan2_QiWuYinLi.json,/home/ubuntu/ziwei_qimen/data/ZWQS_Juan2_QiWuYinLi.json,909,Tier 1 / 文本層,1.4,2,2026-08-03 08:43:11,New/Modified
ZWQS_Juan2_HuajiaNayin.json,/home/ubuntu/ziwei_qimen/data/ZWQS_Juan2_HuajiaNayin.json,3124,Tier 1 / 文本層,1.4,7,2026-08-03 08:43:11,New/Modified
ZWQS_Juan2_AnNanbeiDou.json,/home/ubuntu/ziwei_qimen/data/ZWQS_Juan2_AnNanbeiDou.json,1336,Tier 1 / 文本層,1.4,3,2026-08-03 08:43:11,New/Modified
ZWQS_Juan2_AnFubi.json,/home/ubuntu/ziwei_qimen/data/ZWQS_Juan2_AnFubi.json,1414,Tier 1 / 文本層,1.4,3,2026-08-03 08:43:11,New/Modified
ZWQS_Juan2_AnKuiyue.json,/home/ubuntu/ziwei_qimen/data/ZWQS_Juan2_AnKuiyue.json,1312,Tier 1 / 文本層,1.4,3,2026-08-03 08:43:11,New/Modified
ZWQS_Juan2_AnTianma.json,/home/ubuntu/ziwei_qimen/data/ZWQS_Juan2_AnTianma.json,1375,Tier 1 / 文本層,1.4,3,2026-08-03 08:43:11,New/Modified
ZWQS_Juan2_AnLucun.json,/home/ubuntu/ziwei_qimen/data/ZWQS_Juan2_AnLucun.json,932,Tier 1 / 文本層,1.4,2,2026-08-03 08:43:11,New/Modified
ZWQS_Juan2_AnYangtuo.json,/home/ubuntu/ziwei_qimen/data/ZWQS_Juan2_AnYangtuo.json,1393,Tier 1 / 文本層,1.4,3,2026-08-03 08:43:11,New/Modified
ZWQS_Juan2_AnHuoling.json,/home/ubuntu/ziwei_qimen/data/ZWQS_Juan2_AnHuoling.json,912,Tier 1 / 文本層,1.4,2,2026-08-03 08:43:11,New/Modified
ZWQS_Juan2_AnSihua.json,/home/ubuntu/ziwei_qimen/data/ZWQS_Juan2_AnSihua.json,2226,Tier 1 / 文本層,1.4,5,2026-08-03 08:43:11,New/Modified
ZWQS_Juan2_AnKongjie.json,/home/ubuntu/ziwei_qimen/data/ZWQS_Juan2_AnKongjie.json,1339,Tier 1 / 文本層,1.4,3,2026-08-03 08:43:11,New/Modified
ZWQS_Juan2_AnShangshi.json,/home/ubuntu/ziwei_qimen/data/ZWQS_Juan2_AnShangshi.json,1357,Tier 1 / 文本層,1.4,3,2026-08-03 08:43:11,New/Modified
ZWQS_Juan2_AnTaisuisha.json,/home/ubuntu/ziwei_qimen/data/ZWQS_Juan2_AnTaisuisha.json,2254,Tier 1 / 文本層,1.4,5,2026-08-03 08:43:11,New/Modified
ZWQS_Juan2_AnSantaiBazuo.json,/home/ubuntu/ziwei_qimen/data/ZWQS_Juan2_AnSantaiBazuo.json,995,Tier 1 / 文本層,1.4,2,2026-08-03 08:43:11,New/Modified
ZWQS_Juan2_AnKuxu.json,/home/ubuntu/ziwei_qimen/data/ZWQS_Juan2_AnKuxu.json,936,Tier 1 / 文本層,1.4,2,2026-08-03 08:43:11,New/Modified
ZWQS_Juan2_AnLongfeng.json,/home/ubuntu/ziwei_qimen/data/ZWQS_Juan2_AnLongfeng.json,869,Tier 1 / 文本層,1.4,2,2026-08-03 08:43:11,New/Modified
ZWQS_Juan2_AnTaifu.json,/home/ubuntu/ziwei_qimen/data/ZWQS_Juan2_AnTaifu.json,839,Tier 1 / 文本層,1.4,2,2026-08-03 08:43:11,New/Modified
ZWQS_Juan2_AnChangsheng.json,/home/ubuntu/ziwei_qimen/data/ZWQS_Juan2_AnChangsheng.json,1065,Tier 1 / 文本層,1.4,2,2026-08-03 08:43:11,New/Modified
ZWQS_Juan2_AnDaxian.json,/home/ubuntu/ziwei_qimen/data/ZWQS_Juan2_AnDaxian.json,886,Tier 1 / 文本層,1.4,2,2026-08-03 08:43:11,New/Modified
ZWQS_Juan2_AnXiaoxian.json,/home/ubuntu/ziwei_qimen/data/ZWQS_Juan2_AnXiaoxian.json,558,Tier 1 / 文本層,1.4,1,2026-08-03 08:43:11,New/Modified
QMDJ_Juan1.json,/home/ubuntu/ziwei_qimen/data/QMDJ_Juan1.json,60744,Tier 1 / 文本層,1.4,171,2026-08-03 08:43:11,New/Modified
ZWQS_Juan2_AnLiuLuYangTuo.json,/home/ubuntu/ziwei_qimen/data/ZWQS_Juan2_AnLiuLuYangTuo.json,598,Tier 1 / 文本層,1.4,1,2026-08-03 08:43:11,New/Modified
QMDJ_Juan10.json,/home/ubuntu/ziwei_qimen/data/QMDJ_Juan10.json,27113,Tier 1 / 文本層,1.4,55,2026-08-03 08:43:11,New/Modified
QMDJ_Juan11.json,/home/ubuntu/ziwei_qimen/data/QMDJ_Juan11.json,51667,Tier 1 / 文本層,1.4,134,2026-08-03 08:43:11,New/Modified
QMDJ_Juan12.json,/home/ubuntu/ziwei_qimen/data/QMDJ_Juan12.json,48026,Tier 1 / 文本層,1.4,118,2026-08-03 08:43:11,New/Modified
QMDJ_Juan13.json,/home/ubuntu/ziwei_qimen/data/QMDJ_Juan13.json,55793,Tier 1 / 文本層,1.4,142,2026-08-03 08:43:11,New/Modified
QMDJ_Juan14.json,/home/ubuntu/ziwei_qimen/data/QMDJ_Juan14.json,47957,Tier 1 / 文本層,1.4,124,2026-08-03 08:43:11,New/Modified
QMDJ_Juan15.json,/home/ubuntu/ziwei_qimen/data/QMDJ_Juan15.json,34825,Tier 1 / 文本層,1.4,90,2026-08-03 08:43:20,New/Modified
ZWQS_Juan2_AnDoujun.json,/home/ubuntu/ziwei_qimen/data/ZWQS_Juan2_AnDoujun.json,883,Tier 1 / 文本層,1.4,2,2026-08-03 08:43:11,New/Modified
QMDJ_Juan16.json,/home/ubuntu/ziwei_qimen/data/QMDJ_Juan16.json,34336,Tier 1 / 文本層,1.4,84,2026-08-03 08:43:11,New/Modified
QMDJ_Juan17.json,/home/ubuntu/ziwei_qimen/data/QMDJ_Juan17.json,42073,Tier 1 / 文本層,1.4,110,2026-08-03 08:43:20,New/Modified
QMDJ_Juan18.json,/home/ubuntu/ziwei_qimen/data/QMDJ_Juan18.json,49597,Tier 1 / 文本層,1.4,137,2026-08-03 08:43:11,New/Modified
QMDJ_Juan19.json,/home/ubuntu/ziwei_qimen/data/QMDJ_Juan19.json,37677,Tier 1 / 文本層,1.4,98,2026-08-03 08:43:11,New/Modified
ZWQS_Juan2_AnMingzhu.json,/home/ubuntu/ziwei_qimen/data/ZWQS_Juan2_AnMingzhu.json,1348,Tier 1 / 文本層,1.4,3,2026-08-03 08:43:11,New/Modified
ZWQS_Juan2_AnShenzhu.json,/home/ubuntu/ziwei_qimen/data/ZWQS_Juan2_AnShenzhu.json,899,Tier 1 / 文本層,1.4,2,2026-08-03 08:43:11,New/Modified
ZWQS_Juan2_LunMingGong.json,/home/ubuntu/ziwei_qimen/data/ZWQS_Juan2_LunMingGong.json,169123,Tier 1 / 文本層,1.4,410,2026-08-03 08:43:11,New/Modified
ZWQS_Juan2_LunXiongDi.json,/home/ubuntu/ziwei_qimen/data/ZWQS_Juan2_LunXiongDi.json,9984,Tier 1 / 文本層,1.4,23,2026-08-03 08:43:11,New/Modified
ZWQS_Juan2_LunQiQie.json,/home/ubuntu/ziwei_qimen/data/ZWQS_Juan2_LunQiQie.json,9965,Tier 1 / 文本層,1.4,23,2026-08-03 08:43:11,New/Modified
ZWQS_Juan2_LunZiNv.json,/home/ubuntu/ziwei_qimen/data/ZWQS_Juan2_LunZiNv.json,11925,Tier 1 / 文本層,1.4,26,2026-08-03 08:43:11,New/Modified
ZWQS_Juan2_LunCaiBo.json,/home/ubuntu/ziwei_qimen/data/ZWQS_Juan2_LunCaiBo.json,10642,Tier 1 / 文本層,1.4,24,2026-08-03 08:43:11,New/Modified
ZWQS_Juan2_LunJiE.json,/home/ubuntu/ziwei_qimen/data/ZWQS_Juan2_LunJiE.json,9589,Tier 1 / 文本層,1.4,23,2026-08-03 08:43:11,New/Modified
ZWQS_Juan2_LunQianYi.json,/home/ubuntu/ziwei_qimen/data/ZWQS_Juan2_LunQianYi.json,10534,Tier 1 / 文本層,1.4,25,2026-08-03 08:43:11,New/Modified
ZWQS_Juan2_LunNuPu.json,/home/ubuntu/ziwei_qimen/data/ZWQS_Juan2_LunNuPu.json,10406,Tier 1 / 文本層,1.4,25,2026-08-03 08:43:11,New/Modified
ZWQS_Juan2_LunGuanLu.json,/home/ubuntu/ziwei_qimen/data/ZWQS_Juan2_LunGuanLu.json,14593,Tier 1 / 文本層,1.4,35,2026-08-03 08:43:11,New/Modified
ZWQS_Juan2_AnWenchangWenqu.json,/home/ubuntu/ziwei_qimen/data/ZWQS_Juan2_AnWenchangWenqu.json,1793,Tier 1 / 文本層,1.4,4,2026-08-03 08:43:11,New/Modified
ZWQS_Juan2_AnFenggao.json,/home/ubuntu/ziwei_qimen/data/ZWQS_Juan2_AnFenggao.json,840,Tier 1 / 文本層,1.4,2,2026-08-03 08:43:11,New/Modified
ZWQS_Juan2_LunTianZhai.json,/home/ubuntu/ziwei_qimen/data/ZWQS_Juan2_LunTianZhai.json,9902,Tier 1 / 文本層,1.4,23,2026-08-03 08:43:11,New/Modified
ZWQS_Juan2_LunFuDe.json,/home/ubuntu/ziwei_qimen/data/ZWQS_Juan2_LunFuDe.json,10487,Tier 1 / 文本層,1.4,25,2026-08-03 08:43:11,New/Modified
ZWQS_Juan2_LunFuMu.json,/home/ubuntu/ziwei_qimen/data/ZWQS_Juan2_LunFuMu.json,11749,Tier 1 / 文本層,1.4,27,2026-08-03 08:43:11,New/Modified
ZWQS_Juan3_TanXingYaoLun.json,/home/ubuntu/ziwei_qimen/data/ZWQS_Juan3_TanXingYaoLun.json,34329,Tier 1 / 文本層,1.4,80,2026-08-03 08:43:20,New/Modified
ZWQS_Juan3_LunRenMingRuGe.json,/home/ubuntu/ziwei_qimen/data/ZWQS_Juan3_LunRenMingRuGe.json,13530,Tier 1 / 文本層,1.4,32,2026-08-03 08:43:20,New/Modified
ZWQS_Juan3_LunRenShengShiAnMing.json,/home/ubuntu/ziwei_qimen/data/ZWQS_Juan3_LunRenShengShiAnMing.json,3955,Tier 1 / 文本層,1.4,9,2026-08-03 08:43:20,New/Modified
ZWQS_Juan3_LunRenShengShiShen.json,/home/ubuntu/ziwei_qimen/data/ZWQS_Juan3_LunRenShengShiShen.json,4126,Tier 1 / 文本層,1.4,9,2026-08-03 08:43:11,New/Modified
ZWQS_Juan3_LunXiaoErMing.json,/home/ubuntu/ziwei_qimen/data/ZWQS_Juan3_LunXiaoErMing.json,2524,Tier 1 / 文本層,1.4,6,2026-08-03 08:43:11,New/Modified
ZWQS_Juan3_LunXiaoErKeQin.json,/home/ubuntu/ziwei_qimen/data/ZWQS_Juan3_LunXiaoErKeQin.json,2626,Tier 1 / 文本層,1.4,6,2026-08-03 08:43:20,New/Modified
ZWQS_Juan3_DingXiaoErShengShi.json,/home/ubuntu/ziwei_qimen/data/ZWQS_Juan3_DingXiaoErShengShi.json,2695,Tier 1 / 文本層,1.4,6,2026-08-03 08:43:11,New/Modified
ZWQS_Juan3_LunDaXianShiNian.json,/home/ubuntu/ziwei_qimen/data/ZWQS_Juan3_LunDaXianShiNian.json,2959,Tier 1 / 文本層,1.4,7,2026-08-03 08:43:11,New/Modified
ZWQS_Juan3_LunTaiSuiXiaoXian.json,/home/ubuntu/ziwei_qimen/data/ZWQS_Juan3_LunTaiSuiXiaoXian.json,2454,Tier 1 / 文本層,1.4,5,2026-08-03 08:43:11,New/Modified
ZWQS_Juan3_LunDaXiaoXianJiJue.json,/home/ubuntu/ziwei_qimen/data/ZWQS_Juan3_LunDaXiaoXianJiJue.json,2668,Tier 1 / 文本層,1.4,6,2026-08-03 08:43:11,New/Modified
ZWQS_Juan3_LunZhuXingTongYuan.json,/home/ubuntu/ziwei_qimen/data/ZWQS_Juan3_LunZhuXingTongYuan.json,126852,Tier 1 / 文本層,1.4,300,2026-08-03 08:43:20,New/Modified
QMDJ_Preface.json,/home/ubuntu/ziwei_qimen/data/QMDJ_Preface.json,11174,Tier 1 / 文本層,1.4,17,2026-08-03 08:43:11,New/Modified
QMDJ_Juan2.json,/home/ubuntu/ziwei_qimen/data/QMDJ_Juan2.json,53468,Tier 1 / 文本層,1.4,142,2026-08-03 08:43:11,New/Modified
QMDJ_Juan20.json,/home/ubuntu/ziwei_qimen/data/QMDJ_Juan20.json,44903,Tier 1 / 文本層,1.4,112,2026-08-03 08:43:11,New/Modified
QMDJ_Juan3.json,/home/ubuntu/ziwei_qimen/data/QMDJ_Juan3.json,35066,Tier 1 / 文本層,1.4,85,2026-08-03 08:43:11,New/Modified
QMDJ_Juan4.json,/home/ubuntu/ziwei_qimen/data/QMDJ_Juan4.json,50916,Tier 1 / 文本層,1.4,138,2026-08-03 08:43:11,New/Modified
QMDJ_Juan5.json,/home/ubuntu/ziwei_qimen/data/QMDJ_Juan5.json,64805,Tier 1 / 文本層,1.4,184,2026-08-03 08:43:11,New/Modified
QMDJ_Juan6.json,/home/ubuntu/ziwei_qimen/data/QMDJ_Juan6.json,29377,Tier 1 / 文本層,1.4,69,2026-08-03 08:43:11,New/Modified
QMDJ_Juan7.json,/home/ubuntu/ziwei_qimen/data/QMDJ_Juan7.json,29472,Tier 1 / 文本層,1.4,62,2026-08-03 08:43:11,New/Modified
QMDJ_Juan8.json,/home/ubuntu/ziwei_qimen/data/QMDJ_Juan8.json,30635,Tier 1 / 文本層,1.4,67,2026-08-03 08:43:11,New/Modified
QMDJ_Juan9.json,/home/ubuntu/ziwei_qimen/data/QMDJ_Juan9.json,28736,Tier 1 / 文本層,1.4,52,2026-08-03 08:43:11,New/Modified
QMDJ_Juan21.json,/home/ubuntu/ziwei_qimen/data/QMDJ_Juan21.json,26123,Tier 1 / 文本層,1.4,37,2026-08-03 08:43:11,New/Modified
QMDJ_Juan22.json,/home/ubuntu/ziwei_qimen/data/QMDJ_Juan22.json,41312,Tier 1 / 文本層,1.4,106,2026-08-03 08:43:11,New/Modified
QMDJ_Juan23.json,/home/ubuntu/ziwei_qimen/data/QMDJ_Juan23.json,42068,Tier 1 / 文本層,1.4,112,2026-08-03 08:43:11,New/Modified
QMDJ_Juan24.json,/home/ubuntu/ziwei_qimen/data/QMDJ_Juan24.json,33182,Tier 1 / 文本層,1.4,73,2026-08-03 08:43:11,New/Modified
QMDJ_Juan25.json,/home/ubuntu/ziwei_qimen/data/QMDJ_Juan25.json,38355,Tier 1 / 文本層,1.4,86,2026-08-03 08:43:11,New/Modified
QMDJ_Juan26.json,/home/ubuntu/ziwei_qimen/data/QMDJ_Juan26.json,20491,Tier 1 / 文本層,1.4,42,2026-08-03 08:43:11,New/Modified
QMDJ_Juan27.json,/home/ubuntu/ziwei_qimen/data/QMDJ_Juan27.json,23737,Tier 1 / 文本層,1.4,39,2026-08-03 08:43:11,New/Modified
QMDJ_Juan28.json,/home/ubuntu/ziwei_qimen/data/QMDJ_Juan28.json,13104,Tier 1 / 文本層,1.4,29,2026-08-03 08:43:11,New/Modified
QMDJ_Juan29.json,/home/ubuntu/ziwei_qimen/data/QMDJ_Juan29.json,73466,Tier 1 / 文本層,1.4,199,2026-08-03 08:43:11,New/Modified
QMDJ_Juan30.json,/home/ubuntu/ziwei_qimen/data/QMDJ_Juan30.json,75601,Tier 1 / 文本層,1.4,195,2026-08-03 08:43:11,New/Modified
ZWQS_Juan2_AnLiuChangqu.json,/home/ubuntu/ziwei_qimen/data/ZWQS_Juan2_AnLiuChangqu.json,578,Tier 1 / 文本層,1.4,1,2026-08-03 08:43:11,New/Modified
ZWQS_Juan2_AnLiuKuiyue.json,/home/ubuntu/ziwei_qimen/data/ZWQS_Juan2_AnLiuKuiyue.json,928,Tier 1 / 文本層,1.4,2,2026-08-03 08:43:11,New/Modified
ZWQS_Juan2_AnLiuLuanxi.json,/home/ubuntu/ziwei_qimen/data/ZWQS_Juan2_AnLiuLuanxi.json,946,Tier 1 / 文本層,1.4,2,2026-08-03 08:43:11,New/Modified
ZWQS_Juan2_AnLiuTaisui.json,/home/ubuntu/ziwei_qimen/data/ZWQS_Juan2_AnLiuTaisui.json,550,Tier 1 / 文本層,1.4,1,2026-08-03 08:43:11,New/Modified
ZWQS_Juan2_AnLiuri.json,/home/ubuntu/ziwei_qimen/data/ZWQS_Juan2_AnLiuri.json,555,Tier 1 / 文本層,1.4,1,2026-08-03 08:43:11,New/Modified
ZWQS_Juan2_AnLiushi.json,/home/ubuntu/ziwei_qimen/data/ZWQS_Juan2_AnLiushi.json,892,Tier 1 / 文本層,1.4,2,2026-08-03 08:43:11,New/Modified
ZWQS_Juan2_AnLiuyue.json,/home/ubuntu/ziwei_qimen/data/ZWQS_Juan2_AnLiuyue.json,526,Tier 1 / 文本層,1.4,1,2026-08-03 08:43:11,New/Modified
ZWQS_Juan2_AnTongxian_Limit.json,/home/ubuntu/ziwei_qimen/data/ZWQS_Juan2_AnTongxian_Limit.json,898,Tier 1 / 文本層,1.4,2,2026-08-03 08:43:11,New/Modified
ZWQS_Juan2_AnTianxingTianyao.json,/home/ubuntu/ziwei_qimen/data/ZWQS_Juan2_AnTianxingTianyao.json,956,Tier 1 / 文本層,1.4,2,2026-08-03 11:59:14,New/Modified
